John Smith;4523;Level_B
Emily Johnson;7891;Level_A
Michael Brown;3245;Level_C
Sophia Williams;5678;Level_D
James Jones;9012;Level_A
Olivia Garcia;2347;Level_B
Robert Miller;6734;Level_C
Ava Davis;4456;Level_D
William Rodriguez;8123;Level_A
Isabella Martinez;5671;Level_B
David Hernandez;3987;Level_C
Mia Lopez;7432;Level_D
Richard Gonzalez;2156;Level_A
Charlotte Wilson;6890;Level_B
Joseph Anderson;4567;Level_C
Amelia Thomas;9015;Level_D
Thomas Taylor;3210;Level_A
Evelyn Moore;5789;Level_B
Charles Jackson;8345;Level_C
Abigail Martin;6723;Level_D
Christopher Lee;4561;Level_A
Sofia Perez;7894;Level_B
Daniel Thompson;2345;Level_C
Ella White;9012;Level_D
Matthew Harris;5432;Level_A
Victoria Sanchez;3876;Level_B
Anthony Clark;7654;Level_C
Scarlett Ramirez;2189;Level_D
Donald Lewis;6543;Level_A
Grace Robinson;4321;Level_B
Paul Walker;8765;Level_C
Chloe Young;3456;Level_D
Mark Hall;5670;Level_A
Zoey Allen;7893;Level_B
Steven King;2348;Level_C
Lily Wright;9018;Level_D
Andrew Scott;4562;Level_A
Hannah Green;6789;Level_B
Kenneth Adams;3451;Level_C
Nora Baker;8125;Level_D
Joshua Nelson;5674;Level_A
Lillian Carter;2341;Level_B
Kevin Mitchell;7896;Level_C
Hazel Perez;4569;Level_D
Brian Roberts;3215;Level_A
Ellie Turner;6547;Level_B
Ronald Phillips;8762;Level_C
Violet Campbell;5438;Level_D
Jason Parker;2340;Level_A
Stella Evans;6781;Level_B